"Miejscowość";"Ulica";"Data";"Godzina";"Dwutlenek siarki (SO2) (μg/m3)";"Tlenek azotu (NO) (μg/m3)";"Dwutlenek azotu (NO2) (μg/m3)";"Tlenek węgla (CO) (średnie ośmiogodz.) (mg/m3)";"Ozon (O3) (średnie jednogodz.) (μg/m3)";"Ozon (O3) (średnie ośmiogodz.) (μg/m3)";"Tlenki azotu (NOx) (μg/m3)";"Pył zawieszony (PM10) (μg/m3)";"Prędkość wiatru (WS) (m/s)";"Kierunek wiatru (WD) (o(stopnie))";"Ciśnienie atmosferyczne (PA) (hPa)";"Temperatura (TP) (oC)";"Wilgotność (%)";"Ilość opadu (mm)";"Promieniowanie słoneczne całkowite (W/m2)";"Prom UVB - efektywny strumień W/m2 (W/m2)";"Benzen (C6H6) (μg/m3)";"Ksylen  (C8H10) (μg/m3)";"Toluen (C7H8) (μg/m3)";"M-P-ksylen (C8H10) (μg/m3)"
"Bielsko-Biała";"ul. Kossak-Szczuckiej 19";"2008-12-30";"01:00";36;3;31;;23;;34;121;1.0;145;991;-12.2;89;0.0
"Bielsko-Biała";"ul. Kossak-Szczuckiej 19";"2008-12-30";"02:00";42;3;34;;22;;39;94;0.6;126;991;-12.6;88;0.0
"Bielsko-Biała";"ul. Kossak-Szczuckiej 19";"2008-12-30";"03:00";60;2;39;;16;;43;99;0.5;126;991;-13.3;91;0.0
"Bielsko-Biała";"ul. Kossak-Szczuckiej 19";"2008-12-30";"04:00";54;3;38;;14;;42;99;0.4;129;991;-14.0;92;0.0
"Bielsko-Biała";"ul. Kossak-Szczuckiej 19";"2008-12-30";"05:00";53;4;40;;12;;46;100;0.4;128;991;-14.6;93;0.0
"Bielsko-Biała";"ul. Kossak-Szczuckiej 19";"2008-12-30";"06:00";46;7;36;1.63;16;17;47;119;1.2;138;991;-13.8;90;0.0
"Bielsko-Biała";"ul. Kossak-Szczuckiej 19";"2008-12-30";"07:00";36;5;25;1.56;26;18;32;119;1.2;137;991;-13.2;86;0.0
"Bielsko-Biała";"ul. Kossak-Szczuckiej 19";"2008-12-30";"08:00";38;6;31;1.52;22;19;40;118;1.2;135;991;-13.5;85;0.0
"Bielsko-Biała";"ul. Kossak-Szczuckiej 19";"2008-12-30";"09:00";35;7;29;1.50;26;19;40;95;1.2;141;992;-12.8;84;0.0
"Bielsko-Biała";"ul. Kossak-Szczuckiej 19";"2008-12-30";"10:00";32;7;23;1.41;36;21;34;95;1.1;144;992;-11.2;76;0.0
"Bielsko-Biała";"ul. Kossak-Szczuckiej 19";"2008-12-30";"11:00";30;8;22;1.29;42;24;34;94;1.1;144;992;-7.9;64;0.0
"Bielsko-Biała";"ul. Kossak-Szczuckiej 19";"2008-12-30";"12:00";31;9;25;1.17;47;28;38;75;0.7;140;991;-5.8;58;0.0
"Bielsko-Biała";"ul. Kossak-Szczuckiej 19";"2008-12-30";"13:00";33;8;28;1.05;49;33;41;75;0.7;125;991;-4.7;56;0.0
"Bielsko-Biała";"ul. Kossak-Szczuckiej 19";"2008-12-30";"14:00";34;7;32;0.98;51;37;43;74;0.5;84;990;-4.5;55;0.0
"Bielsko-Biała";"ul. Kossak-Szczuckiej 19";"2008-12-30";"15:00";42;7;44;0.98;43;40;55;61;0.4;92;990;-5.1;57;0.0
"Bielsko-Biała";"ul. Kossak-Szczuckiej 19";"2008-12-30";"16:00";61;26;83;1.08;20;39;123;61;0.3;351;989;-7.2;67;0.0
"Bielsko-Biała";"ul. Kossak-Szczuckiej 19";"2008-12-30";"17:00";102;58;100;1.34;11;37;188;65;0.3;51;989;-9.1;78;0.0
"Bielsko-Biała";"ul. Kossak-Szczuckiej 19";"2008-12-30";"18:00";95;114;95;1.73;13;35;270;125;0.3;95;989;-10.1;85;0.0
"Bielsko-Biała";"ul. Kossak-Szczuckiej 19";"2008-12-30";"19:00";87;34;85;2.03;11;31;136;125;0.6;108;989;-10.1;84;0.0
"Bielsko-Biała";"ul. Kossak-Szczuckiej 19";"2008-12-30";"20:00";65;7;55;2.14;16;27;66;129;0.9;161;988;-8.6;76;0.0
"Bielsko-Biała";"ul. Kossak-Szczuckiej 19";"2008-12-30";"21:00";;;;2.33;20;23;;187;0.8;145;988;-8.3;74;0.0
"Bielsko-Biała";"ul. Kossak-Szczuckiej 19";"2008-12-30";"22:00";69;8;54;2.49;;19;66;187;1.1;143;988;-9.1;79;0.0
"Bielsko-Biała";"ul. Kossak-Szczuckiej 19";"2008-12-30";"23:00";95;17;64;2.75;12;15;89;186;0.6;130;987;-10.5;86;0.0
"Bielsko-Biała";"ul. Kossak-Szczuckiej 19";"2008-12-30";"24:00";107;23;64;2.97;11;13;99;168;0.2;66;987;-11.2;90;0.0
"Bielsko-Biała";"ul. Kossak-Szczuckiej 19";"2008-12-31";"01:00";67;12;54;2.87;8;13;81;191;0.6;142;987;-11.1;91;0.0
"Bielsko-Biała";"ul. Kossak-Szczuckiej 19";"2008-12-31";"02:00";73;4;45;2.59;10;13;50;188;0.8;128;986;-11.0;89;
"Bielsko-Biała";"ul. Kossak-Szczuckiej 19";"2008-12-31";"03:00";74;4;45;2.43;10;12;51;170;0.6;105;986;-11.3;90;0.0
"Bielsko-Biała";"ul. Kossak-Szczuckiej 19";"2008-12-31";"04:00";56;2;34;2.42;18;13;37;170;0.8;113;985;-10.7;87;0.0
"Bielsko-Biała";"ul. Kossak-Szczuckiej 19";"2008-12-31";"05:00";47;2;29;2.30;23;13;32;168;0.8;122;985;-10.5;86;0.0
"Bielsko-Biała";"ul. Kossak-Szczuckiej 19";"2008-12-31";"06:00";41;3;29;2.20;25;15;32;139;0.6;112;984;-10.0;85;0.0
"Bielsko-Biała";"ul. Kossak-Szczuckiej 19";"2008-12-31";"07:00";38;4;30;1.98;25;16;36;139;1.0;136;984;-10.0;84;0.0
"Bielsko-Biała";"ul. Kossak-Szczuckiej 19";"2008-12-31";"08:00";39;5;36;1.69;21;18;42;137;0.8;131;984;-10.1;85;0.0
"Bielsko-Biała";"ul. Kossak-Szczuckiej 19";"2008-12-31";"09:00";42;11;42;1.56;20;19;58;103;0.8;103;984;-9.1;82;0.0
"Bielsko-Biała";"ul. Kossak-Szczuckiej 19";"2008-12-31";"10:00";47;18;45;1.46;24;21;73;103;0.4;65;983;-6.6;71;0.0
"Bielsko-Biała";"ul. Kossak-Szczuckiej 19";"2008-12-31";"11:00";45;14;40;1.34;33;24;61;102;0.9;63;983;-2.5;57;0.0
"Bielsko-Biała";"ul. Kossak-Szczuckiej 19";"2008-12-31";"12:00";56;13;43;1.32;42;27;62;86;0.7;60;982;-0.3;52;0.0
"Bielsko-Biała";"ul. Kossak-Szczuckiej 19";"2008-12-31";"13:00";39;9;40;1.29;48;30;54;86;0.3;89;981;1.5;46;0.0
"Bielsko-Biała";"ul. Kossak-Szczuckiej 19";"2008-12-31";"14:00";62;44;85;1.48;37;31;152;88;0.4;44;980;1.8;46;0.0
"Bielsko-Biała";"ul. Kossak-Szczuckiej 19";"2008-12-31";"15:00";87;43;129;1.92;19;31;195;107;0.7;23;980;-1.4;56;0.0
"Bielsko-Biała";"ul. Kossak-Szczuckiej 19";"2008-12-31";"16:00";90;42;119;2.30;15;30;183;107;0.4;23;979;-3.2;63;0.0
"Bielsko-Biała";"ul. Kossak-Szczuckiej 19";"2008-12-31";"17:00";101;106;127;2.78;10;29;289;117;0.3;346;978;-5.4;72;0.0
"Bielsko-Biała";"ul. Kossak-Szczuckiej 19";"2008-12-31";"18:00";109;83;111;3.22;;29;238;153;0.4;5;978;-6.4;75;0.0
"Bielsko-Biała";"ul. Kossak-Szczuckiej 19";"2008-12-31";"19:00";86;223;122;3.93;14;26;464;152;0.1;86;978;-7.8;81;0.0
"Bielsko-Biała";"ul. Kossak-Szczuckiej 19";"2008-12-31";"20:00";;;;4.28;14;22;;137;0.1;292;978;-8.8;88;0.0
"Bielsko-Biała";"ul. Kossak-Szczuckiej 19";"2008-12-31";"21:00";69;116;87;4.80;;18;264;116;0.3;350;977;-9.6;86;0.0
"Bielsko-Biała";"ul. Kossak-Szczuckiej 19";"2008-12-31";"22:00";52;16;47;4.65;;;71;116;0.6;317;976;-10.5;84;0.0
"Bielsko-Biała";"ul. Kossak-Szczuckiej 19";"2008-12-31";"23:00";34;4;35;4.14;6;;41;113;0.3;324;976;-11.5;86;0.0
"Bielsko-Biała";"ul. Kossak-Szczuckiej 19";"2008-12-31";"24:00";37;6;36;3.73;8;;45;112;0.1;325;976;-12.8;90;0.0
"Bielsko-Biała";"ul. Kossak-Szczuckiej 19";"2009-01-01";"01:00";;8;34;3.13;4;;46;197;0.1;346;976;-13.4;93;0.0
"Bielsko-Biała";"ul. Kossak-Szczuckiej 19";"2009-01-01";"02:00";26;5;30;2.55;9;9;37;192;0.3;284;975;-13.8;94;0.0
"Bielsko-Biała";"ul. Kossak-Szczuckiej 19";"2009-01-01";"03:00";16;2;20;1.66;18;10;23;182;0.7;278;975;-13.6;93;0.0
"Bielsko-Biała";"ul. Kossak-Szczuckiej 19";"2009-01-01";"04:00";18;3;18;1.54;21;11;22;182;0.7;248;974;-13.5;90;0.0
"Bielsko-Biała";"ul. Kossak-Szczuckiej 19";"2009-01-01";"05:00";16;2;21;1.02;20;12;24;178;0.5;233;974;-13.6;88;0.0
"Bielsko-Biała";"ul. Kossak-Szczuckiej 19";"2009-01-01";"06:00";16;2;15;0.88;27;14;18;111;1.3;270;974;-13.4;85;0.0
"Bielsko-Biała";"ul. Kossak-Szczuckiej 19";"2009-01-01";"07:00";18;2;15;0.81;27;17;18;111;1.2;255;974;-13.5;85;0.0
"Bielsko-Biała";"ul. Kossak-Szczuckiej 19";"2009-01-01";"08:00";16;2;14;0.71;28;19;16;109;1.2;246;974;-13.5;86;0.0
"Bielsko-Biała";"ul. Kossak-Szczuckiej 19";"2009-01-01";"09:00";28;4;22;0.68;22;22;28;69;0.7;214;975;-13.8;87;0.0
"Bielsko-Biała";"ul. Kossak-Szczuckiej 19";"2009-01-01";"10:00";23;3;14;0.65;32;24;19;69;0.5;220;975;-12.0;77;0.0
"Bielsko-Biała";"ul. Kossak-Szczuckiej 19";"2009-01-01";"11:00";21;5;14;0.66;35;27;20;68;0.7;191;975;-8.6;63;0.0
"Bielsko-Biała";"ul. Kossak-Szczuckiej 19";"2009-01-01";"12:00";15;4;11;0.65;39;29;17;54;1.0;253;975;-7.1;57;0.0
"Bielsko-Biała";"ul. Kossak-Szczuckiej 19";"2009-01-01";"13:00";14;4;13;0.65;39;31;20;54;1.1;283;974;-7.8;60;0.0
"Bielsko-Biała";"ul. Kossak-Szczuckiej 19";"2009-01-01";"14:00";18;4;17;0.67;37;32;23;54;1.5;271;974;-9.0;65;0.0
"Bielsko-Biała";"ul. Kossak-Szczuckiej 19";"2009-01-01";"15:00";19;3;15;0.68;37;34;19;50;1.7;268;975;-9.6;71;0.0
"Bielsko-Biała";"ul. Kossak-Szczuckiej 19";"2009-01-01";"16:00";27;3;19;0.70;30;34;24;50;1.4;248;975;-9.8;77;0.0
"Bielsko-Biała";"ul. Kossak-Szczuckiej 19";"2009-01-01";"17:00";19;3;18;0.68;29;35;22;51;1.6;260;975;-9.5;78;0.0
"Bielsko-Biała";"ul. Kossak-Szczuckiej 19";"2009-01-01";"18:00";21;2;19;0.67;26;34;23;53;1.5;268;976;-10.1;82;0.0
"Bielsko-Biała";"ul. Kossak-Szczuckiej 19";"2009-01-01";"19:00";;;;0.67;22;32;;53;1.2;265;976;-9.7;84;0.0
"Bielsko-Biała";"ul. Kossak-Szczuckiej 19";"2009-01-01";"20:00";26;3;22;0.69;23;30;26;53;1.6;250;976;-9.6;86;0.0
"Bielsko-Biała";"ul. Kossak-Szczuckiej 19";"2009-01-01";"21:00";26;3;23;0.70;20;28;27;48;1.4;260;976;-9.6;89;0.0
"Bielsko-Biała";"ul. Kossak-Szczuckiej 19";"2009-01-01";"22:00";28;3;24;0.70;17;26;28;48;1.4;257;976;-9.5;90;0.0
"Bielsko-Biała";"ul. Kossak-Szczuckiej 19";"2009-01-01";"23:00";23;2;22;0.71;17;23;25;49;1.1;266;976;-9.3;92;0.0
"Bielsko-Biała";"ul. Kossak-Szczuckiej 19";"2009-01-01";"24:00";23;2;22;0.72;15;21;25;55;1.0;269;976;-9.2;93;0.0
"Bielsko-Biała";"ul. Kossak-Szczuckiej 19";"2009-01-02";"01:00";25;2;24;0.75;11;19;27;55;0.9;269;975;-9.1;94;0.0
"Bielsko-Biała";"ul. Kossak-Szczuckiej 19";"2009-01-02";"02:00";24;2;24;0.77;10;17;27;55;0.9;258;975;-9.0;95;0.0
"Bielsko-Biała";"ul. Kossak-Szczuckiej 19";"2009-01-02";"03:00";24;2;25;0.78;9;15;28;58;0.9;255;975;-9.0;95;0.0
"Bielsko-Biała";"ul. Kossak-Szczuckiej 19";"2009-01-02";"04:00";22;2;24;0.78;10;14;27;58;1.1;253;975;-8.8;96;0.0
"Bielsko-Biała";"ul. Kossak-Szczuckiej 19";"2009-01-02";"05:00";22;3;23;0.78;9;12;27;58;1.0;245;975;-8.7;97;0.0
"Bielsko-Biała";"ul. Kossak-Szczuckiej 19";"2009-01-02";"06:00";20;3;22;0.76;10;11;26;54;1.0;239;975;-8.5;96;0.0
"Bielsko-Biała";"ul. Kossak-Szczuckiej 19";"2009-01-02";"07:00";15;4;21;0.74;11;11;26;54;1.2;242;975;-8.5;97;0.0
"Bielsko-Biała";"ul. Kossak-Szczuckiej 19";"2009-01-02";"08:00";20;5;23;0.73;10;10;31;54;1.1;243;975;-8.4;98;0.0
"Bielsko-Biała";"ul. Kossak-Szczuckiej 19";"2009-01-02";"09:00";24;7;25;0.73;9;10;36;43;1.1;255;975;-8.2;96;0.2
"Bielsko-Biała";"ul. Kossak-Szczuckiej 19";"2009-01-02";"10:00";23;10;26;0.72;9;10;41;43;1.2;258;975;-8.1;97;0.0
"Bielsko-Biała";"ul. Kossak-Szczuckiej 19";"2009-01-02";"11:00";24;11;24;0.72;11;10;40;43;1.3;261;975;-7.8;96;0.0
"Bielsko-Biała";"ul. Kossak-Szczuckiej 19";"2009-01-02";"12:00";26;12;23;0.73;12;10;41;44;1.5;263;975;-7.6;93;0.0
"Bielsko-Biała";"ul. Kossak-Szczuckiej 19";"2009-01-02";"13:00";30;16;25;0.74;12;11;50;44;1.4;259;974;-7.9;92;0.6
"Bielsko-Biała";"ul. Kossak-Szczuckiej 19";"2009-01-02";"14:00";30;16;29;0.79;9;10;53;44;1.4;262;974;-8.1;93;0.0
"Bielsko-Biała";"ul. Kossak-Szczuckiej 19";"2009-01-02";"15:00";30;17;34;0.83;6;10;60;48;1.4;272;974;-8.2;95;0.2
"Bielsko-Biała";"ul. Kossak-Szczuckiej 19";"2009-01-02";"16:00";25;12;32;0.85;8;10;50;48;1.0;288;975;-8.3;95;0.2
"Bielsko-Biała";"ul. Kossak-Szczuckiej 19";"2009-01-02";"17:00";23;8;35;0.87;11;10;48;49;0.9;288;975;-8.7;93;0.0
"Bielsko-Biała";"ul. Kossak-Szczuckiej 19";"2009-01-02";"18:00";;;;0.88;14;10;;58;0.7;305;975;-8.8;92;0.0
"Bielsko-Biała";"ul. Kossak-Szczuckiej 19";"2009-01-02";"19:00";26;5;32;0.89;;10;39;58;0.9;294;976;-9.0;93;0.0
"Bielsko-Biała";"ul. Kossak-Szczuckiej 19";"2009-01-02";"20:00";22;4;28;0.88;21;12;33;59;0.9;327;976;-9.3;94;0.0
"Bielsko-Biała";"ul. Kossak-Szczuckiej 19";"2009-01-02";"21:00";19;3;25;0.85;24;13;30;64;0.8;339;977;-9.6;94;0.0
"Bielsko-Biała";"ul. Kossak-Szczuckiej 19";"2009-01-02";"22:00";23;4;30;0.82;20;15;36;64;0.6;310;977;-10.2;94;0.0
"Bielsko-Biała";"ul. Kossak-Szczuckiej 19";"2009-01-02";"23:00";23;3;26;0.78;24;17;31;64;0.7;292;977;-10.3;97;0.0
"Bielsko-Biała";"ul. Kossak-Szczuckiej 19";"2009-01-02";"24:00";15;1;15;0.74;37;22;17;59;0.7;295;978;-10.1;95;0.0
"Bielsko-Biała";"ul. Kossak-Szczuckiej 19";"2009-01-03";"01:00";12;1;11;0.67;43;26;12;59;0.9;280;978;-10.5;93;0.0
"Bielsko-Biała";"ul. Kossak-Szczuckiej 19";"2009-01-03";"02:00";19;1;16;0.66;36;29;18;58;0.7;289;978;-10.6;93;0.0
"Bielsko-Biała";"ul. Kossak-Szczuckiej 19";"2009-01-03";"03:00";25;1;24;0.61;27;29;26;43;1.0;274;978;-10.7;92;0.0
"Bielsko-Biała";"ul. Kossak-Szczuckiej 19";"2009-01-03";"04:00";22;1;18;0.58;34;31;20;43;1.2;271;978;-11.0;92;0.0
"Bielsko-Biała";"ul. Kossak-Szczuckiej 19";"2009-01-03";"05:00";21;1;14;0.56;38;32;16;43;1.1;261;978;-11.1;91;0.0
"Bielsko-Biała";"ul. Kossak-Szczuckiej 19";"2009-01-03";"06:00";18;1;14;0.53;38;35;16;37;1.2;266;978;-11.4;91;0.0
"Bielsko-Biała";"ul. Kossak-Szczuckiej 19";"2009-01-03";"07:00";14;2;14;0.48;39;37;17;37;1.2;263;978;-11.3;91;0.0
"Bielsko-Biała";"ul. Kossak-Szczuckiej 19";"2009-01-03";"08:00";20;2;17;0.47;38;37;20;37;1.4;245;978;-11.0;90;0.0
"Bielsko-Biała";"ul. Kossak-Szczuckiej 19";"2009-01-03";"09:00";26;5;23;0.49;36;36;31;28;0.8;237;978;-11.0;86;0.0
"Bielsko-Biała";"ul. Kossak-Szczuckiej 19";"2009-01-03";"10:00";26;5;21;0.49;42;37;29;28;1.2;227;978;-9.7;79;0.0
"Bielsko-Biała";"ul. Kossak-Szczuckiej 19";"2009-01-03";"11:00";23;4;16;0.50;48;39;23;28;1.5;231;978;-9.3;79;0.0
"Bielsko-Biała";"ul. Kossak-Szczuckiej 19";"2009-01-03";"12:00";19;5;14;0.50;50;41;21;23;1.4;242;977;-8.8;73;0.0
"Bielsko-Biała";"ul. Kossak-Szczuckiej 19";"2009-01-03";"13:00";17;5;13;0.50;54;43;20;23;1.7;233;977;-8.5;70;0.0
"Bielsko-Biała";"ul. Kossak-Szczuckiej 19";"2009-01-03";"14:00";11;4;10;0.49;57;46;16;23;1.6;227;976;-7.4;64;0.0
"Bielsko-Biała";"ul. Kossak-Szczuckiej 19";"2009-01-03";"15:00";11;4;14;0.50;56;48;19;22;1.4;220;975;-7.7;63;0.0
"Bielsko-Biała";"ul. Kossak-Szczuckiej 19";"2009-01-03";"16:00";9;4;21;0.51;49;49;26;22;1.2;214;974;-9.3;70;0.0
"Bielsko-Biała";"ul. Kossak-Szczuckiej 19";"2009-01-03";"17:00";;;;0.50;44;50;;22;1.1;210;974;-10.6;75;0.0
"Bielsko-Biała";"ul. Kossak-Szczuckiej 19";"2009-01-03";"18:00";23;4;26;0.52;;51;32;18;1.3;211;974;-11.3;74;0.0
"Bielsko-Biała";"ul. Kossak-Szczuckiej 19";"2009-01-03";"19:00";8;3;15;0.50;51;52;19;18;1.8;206;973;-11.2;67;0.0
"Bielsko-Biała";"ul. Kossak-Szczuckiej 19";"2009-01-03";"20:00";6;2;11;0.48;56;52;15;18;2.1;207;973;-11.3;61;0.0
"Bielsko-Biała";"ul. Kossak-Szczuckiej 19";"2009-01-03";"21:00";6;2;8;0.45;59;53;10;19;2.2;208;972;-11.5;57;0.0
"Bielsko-Biała";"ul. Kossak-Szczuckiej 19";"2009-01-03";"22:00";6;1;6;0.44;59;53;8;19;2.4;211;972;-11.6;57;0.0
"Bielsko-Biała";"ul. Kossak-Szczuckiej 19";"2009-01-03";"23:00";6;1;6;0.41;58;54;8;19;2.2;195;971;-11.5;59;0.0
"Bielsko-Biała";"ul. Kossak-Szczuckiej 19";"2009-01-03";"24:00";7;1;6;0.38;57;55;8;13;2.2;204;970;-11.3;62;0.0
"Bielsko-Biała";"ul. Kossak-Szczuckiej 19";"2009-01-04";"01:00";6;1;5;0.37;56;57;6;13;2.5;206;970;-10.9;63;0.0
"Bielsko-Biała";"ul. Kossak-Szczuckiej 19";"2009-01-04";"02:00";6;1;4;0.31;58;57;5;13;2.8;214;969;-10.7;61;0.0
"Bielsko-Biała";"ul. Kossak-Szczuckiej 19";"2009-01-04";"03:00";6;1;4;0.30;59;58;5;13;2.4;215;968;-10.2;59;0.0
"Bielsko-Biała";"ul. Kossak-Szczuckiej 19";"2009-01-04";"04:00";5;1;4;0.29;60;58;5;13;2.8;202;967;-9.4;62;0.0
"Bielsko-Biała";"ul. Kossak-Szczuckiej 19";"2009-01-04";"05:00";6;1;4;0.29;59;58;5;13;2.8;211;967;-9.5;71;0.0
"Bielsko-Biała";"ul. Kossak-Szczuckiej 19";"2009-01-04";"06:00";7;1;4;0.28;63;59;6;10;2.7;230;967;-8.7;74;0.0
"Bielsko-Biała";"ul. Kossak-Szczuckiej 19";"2009-01-04";"07:00";7;1;4;0.28;65;60;6;10;3.0;232;967;-8.6;79;0.0
"Bielsko-Biała";"ul. Kossak-Szczuckiej 19";"2009-01-04";"08:00";5;1;5;0.27;65;61;6;10;2.8;225;967;-8.2;76;0.0
"Bielsko-Biała";"ul. Kossak-Szczuckiej 19";"2009-01-04";"09:00";8;1;6;0.27;61;61;8;6;2.4;234;967;-8.2;81;0.0
"Bielsko-Biała";"ul. Kossak-Szczuckiej 19";"2009-01-04";"10:00";8;2;9;0.28;55;61;11;6;1.8;218;967;-8.0;81;0.0
"Bielsko-Biała";"ul. Kossak-Szczuckiej 19";"2009-01-04";"11:00";13;4;18;0.32;45;59;22;7;0.7;179;967;-7.4;78;0.0
"Bielsko-Biała";"ul. Kossak-Szczuckiej 19";"2009-01-04";"12:00";15;3;17;0.36;44;57;22;14;0.7;192;966;-7.5;73;0.0
"Bielsko-Biała";"ul. Kossak-Szczuckiej 19";"2009-01-04";"13:00";18;3;21;0.41;40;55;26;14;0.6;153;966;-8.0;76;0.0
"Bielsko-Biała";"ul. Kossak-Szczuckiej 19";"2009-01-04";"14:00";18;5;25;0.46;33;51;32;15;0.8;151;966;-8.3;77;0.0
"Bielsko-Biała";"ul. Kossak-Szczuckiej 19";"2009-01-04";"15:00";15;6;28;0.52;28;46;37;27;0.7;156;966;-8.6;80;0.0
"Bielsko-Biała";"ul. Kossak-Szczuckiej 19";"2009-01-04";"16:00";;;;0.56;30;42;;27;0.9;153;966;-9.2;83;0.0
"Bielsko-Biała";"ul. Kossak-Szczuckiej 19";"2009-01-04";"17:00";15;3;26;0.62;;39;30;28;0.7;167;965;-9.5;87;0.0
"Bielsko-Biała";"ul. Kossak-Szczuckiej 19";"2009-01-04";"18:00";15;5;29;0.69;22;35;37;36;0.8;158;965;-9.5;87;0.0
"Bielsko-Biała";"ul. Kossak-Szczuckiej 19";"2009-01-04";"19:00";18;3;26;0.73;25;32;30;36;0.9;149;965;-9.4;85;0.0
"Bielsko-Biała";"ul. Kossak-Szczuckiej 19";"2009-01-04";"20:00";16;4;24;0.76;26;29;30;36;1.0;143;965;-9.5;87;0.0
"Bielsko-Biała";"ul. Kossak-Szczuckiej 19";"2009-01-04";"21:00";17;2;21;0.77;27;27;25;40;0.7;141;965;-9.5;86;0.0
"Bielsko-Biała";"ul. Kossak-Szczuckiej 19";"2009-01-04";"22:00";15;3;20;0.77;27;26;23;40;0.7;148;965;-9.4;88;0.2
"Bielsko-Biała";"ul. Kossak-Szczuckiej 19";"2009-01-04";"23:00";15;2;19;0.76;26;26;22;40;0.8;149;965;-9.6;89;0.0
"Bielsko-Biała";"ul. Kossak-Szczuckiej 19";"2009-01-04";"24:00";16;1;18;0.76;26;26;20;39;0.8;154;965;-9.7;90;0.2
"Bielsko-Biała";"ul. Kossak-Szczuckiej 19";"2009-01-05";"01:00";16;1;17;0.75;25;26;19;39;0.7;142;964;-9.5;89;0.0
"Bielsko-Biała";"ul. Kossak-Szczuckiej 19";"2009-01-05";"02:00";17;1;17;0.74;25;26;18;39;0.7;135;964;-9.3;88;
"Bielsko-Biała";"ul. Kossak-Szczuckiej 19";"2009-01-05";"03:00";15;1;17;0.73;23;26;19;41;0.5;123;964;-9.0;84;0.0
"Bielsko-Biała";"ul. Kossak-Szczuckiej 19";"2009-01-05";"04:00";13;1;17;0.71;23;25;19;41;0.4;142;964;-9.0;83;0.0
"Bielsko-Biała";"ul. Kossak-Szczuckiej 19";"2009-01-05";"05:00";11;2;20;0.69;21;25;22;41;0.4;140;964;-8.9;82;0.0
"Bielsko-Biała";"ul. Kossak-Szczuckiej 19";"2009-01-05";"06:00";9;3;20;0.68;20;24;24;28;0.8;151;964;-9.2;87;0.0
"Bielsko-Biała";"ul. Kossak-Szczuckiej 19";"2009-01-05";"07:00";9;3;22;0.68;18;23;28;28;0.8;150;964;-9.1;89;0.2
"Bielsko-Biała";"ul. Kossak-Szczuckiej 19";"2009-01-05";"08:00";9;5;24;0.68;17;22;32;28;0.9;153;965;-9.3;90;0.2
"Bielsko-Biała";"ul. Kossak-Szczuckiej 19";"2009-01-05";"09:00";10;8;27;0.69;15;20;39;33;0.9;151;965;-9.1;90;0.0
"Bielsko-Biała";"ul. Kossak-Szczuckiej 19";"2009-01-05";"10:00";12;8;25;0.69;18;19;37;33;0.8;147;966;-8.7;88;0.2
"Bielsko-Biała";"ul. Kossak-Szczuckiej 19";"2009-01-05";"11:00";14;9;26;0.71;19;19;40;33;0.6;138;966;-8.2;87;0.2
"Bielsko-Biała";"ul. Kossak-Szczuckiej 19";"2009-01-05";"12:00";18;12;28;0.73;20;19;47;34;0.6;99;967;-7.5;85;0.0
"Bielsko-Biała";"ul. Kossak-Szczuckiej 19";"2009-01-05";"13:00";43;22;45;0.82;13;18;78;34;1.0;40;967;-7.7;87;0.2
"Bielsko-Biała";"ul. Kossak-Szczuckiej 19";"2009-01-05";"14:00";51;24;45;0.92;10;16;82;36;1.4;17;967;-9.1;88;0.2
"Bielsko-Biała";"ul. Kossak-Szczuckiej 19";"2009-01-05";"15:00";;;;0.96;9;15;;55;1.6;20;968;-9.7;91;0.2
"Bielsko-Biała";"ul. Kossak-Szczuckiej 19";"2009-01-05";"16:00";49;16;44;1.02;;15;68;55;1.8;23;969;-10.7;91;0.0
"Bielsko-Biała";"ul. Kossak-Szczuckiej 19";"2009-01-05";"17:00";44;10;45;1.07;9;14;61;57;1.8;33;969;-11.6;92;0.0
"Bielsko-Biała";"ul. Kossak-Szczuckiej 19";"2009-01-05";"18:00";45;9;43;1.13;13;13;57;75;1.9;40;970;-11.4;93;0.0
"Bielsko-Biała";"ul. Kossak-Szczuckiej 19";"2009-01-05";"19:00";38;6;38;1.17;17;13;46;75;1.7;43;971;-11.8;92;0.0
"Bielsko-Biała";"ul. Kossak-Szczuckiej 19";"2009-01-05";"20:00";38;5;35;1.22;19;13;42;75;1.9;44;972;-11.8;93;0.0
"Bielsko-Biała";"ul. Kossak-Szczuckiej 19";"2009-01-05";"21:00";32;4;29;1.18;25;15;35;75;2.0;41;972;-11.9;92;0.0
"Bielsko-Biała";"ul. Kossak-Szczuckiej 19";"2009-01-05";"22:00";31;4;26;1.12;27;17;31;75;1.9;46;973;-11.8;91;0.0
"Bielsko-Biała";"ul. Kossak-Szczuckiej 19";"2009-01-05";"23:00";32;2;24;1.10;28;20;28;75;1.9;47;974;-11.9;90;0.0
"Bielsko-Biała";"ul. Kossak-Szczuckiej 19";"2009-01-05";"24:00";30;2;23;1.06;26;21;27;81;1.7;40;974;-11.9;90;0.0
"Bielsko-Biała";"ul. Kossak-Szczuckiej 19";"2009-01-06";"01:00";;3;20;1.01;26;23;24;81;1.6;43;974;-12.4;94;0.0
"Bielsko-Biała";"ul. Kossak-Szczuckiej 19";"2009-01-06";"02:00";24;2;19;0.95;28;25;22;80;1.6;48;974;-12.8;95;0.0
"Bielsko-Biała";"ul. Kossak-Szczuckiej 19";"2009-01-06";"03:00";22;2;17;0.89;30;26;20;64;1.4;44;975;-13.1;95;0.0
"Bielsko-Biała";"ul. Kossak-Szczuckiej 19";"2009-01-06";"04:00";24;2;20;0.83;27;27;22;64;1.3;40;975;-13.5;93;0.0
"Bielsko-Biała";"ul. Kossak-Szczuckiej 19";"2009-01-06";"05:00";22;2;18;0.77;29;28;20;64;1.5;40;975;-13.5;93;0.0
"Bielsko-Biała";"ul. Kossak-Szczuckiej 19";"2009-01-06";"06:00";24;2;20;0.73;26;28;24;54;1.3;39;975;-13.8;93;0.0
"Bielsko-Biała";"ul. Kossak-Szczuckiej 19";"2009-01-06";"07:00";28;5;29;0.71;20;27;35;54;1.4;42;975;-13.9;91;0.0
"Bielsko-Biała";"ul. Kossak-Szczuckiej 19";"2009-01-06";"08:00";36;8;34;0.72;15;25;46;54;1.5;41;975;-14.2;93;0.0
"Bielsko-Biała";"ul. Kossak-Szczuckiej 19";"2009-01-06";"09:00";42;20;40;0.77;12;23;71;52;1.2;38;975;-14.6;93;0.0
"Bielsko-Biała";"ul. Kossak-Szczuckiej 19";"2009-01-06";"10:00";49;19;36;0.81;15;22;65;52;1.4;22;976;-14.2;91;0.0
"Bielsko-Biała";"ul. Kossak-Szczuckiej 19";"2009-01-06";"11:00";50;15;31;0.85;21;21;54;53;1.4;32;976;-13.4;86;0.0
"Bielsko-Biała";"ul. Kossak-Szczuckiej 19";"2009-01-06";"12:00";47;16;31;0.90;26;21;54;69;1.3;24;975;-12.6;79;0.0
"Bielsko-Biała";"ul. Kossak-Szczuckiej 19";"2009-01-06";"13:00";49;16;34;0.96;27;20;58;69;0.9;20;975;-12.2;76;0.0
"Bielsko-Biała";"ul. Kossak-Szczuckiej 19";"2009-01-06";"14:00";;;;1.00;26;20;;70;0.7;357;975;-12.0;74;0.0
"Bielsko-Biała";"ul. Kossak-Szczuckiej 19";"2009-01-06";"15:00";50;17;49;1.06;;20;74;76;0.8;347;974;-13.5;78;0.0
"Bielsko-Biała";"ul. Kossak-Szczuckiej 19";"2009-01-06";"16:00";55;38;66;1.14;7;19;124;76;0.8;352;975;-14.1;81;0.0
"Bielsko-Biała";"ul. Kossak-Szczuckiej 19";"2009-01-06";"17:00";70;34;70;1.23;6;18;123;78;0.6;1;975;-14.7;83;0.0
"Bielsko-Biała";"ul. Kossak-Szczuckiej 19";"2009-01-06";"18:00";80;45;70;1.37;6;17;139;103;0.2;333;974;-14.5;84;0.0
"Bielsko-Biała";"ul. Kossak-Szczuckiej 19";"2009-01-06";"19:00";94;64;74;1.57;8;15;172;103;0.3;248;974;-14.7;85;0.0
"Bielsko-Biała";"ul. Kossak-Szczuckiej 19";"2009-01-06";"20:00";81;52;67;1.78;8;13;147;106;0.3;118;974;-14.7;86;0.0
"Bielsko-Biała";"ul. Kossak-Szczuckiej 19";"2009-01-06";"21:00";105;42;66;2.01;9;10;131;142;0.4;126;974;-15.3;85;0.0
"Bielsko-Biała";"ul. Kossak-Szczuckiej 19";"2009-01-06";"22:00";118;37;64;2.12;10;8;121;142;0.5;117;974;-16.4;88;0.0
"Bielsko-Biała";"ul. Kossak-Szczuckiej 19";"2009-01-06";"23:00";122;32;61;2.35;11;8;110;145;0.9;141;974;-17.2;87;0.0
"Bielsko-Biała";"ul. Kossak-Szczuckiej 19";"2009-01-06";"24:00";109;27;59;2.50;9;8;99;190;1.0;141;973;-17.9;88;0.0
"Bielsko-Biała";"ul. Kossak-Szczuckiej 19";"2009-01-07";"01:00";108;18;57;2.63;9;9;84;196;1.0;146;973;-18.1;87;0.0
"Bielsko-Biała";"ul. Kossak-Szczuckiej 19";"2009-01-07";"02:00";104;19;54;2.70;7;9;83;193;1.2;143;972;-17.8;88;
"Bielsko-Biała";"ul. Kossak-Szczuckiej 19";"2009-01-07";"03:00";73;6;46;2.64;6;9;55;146;0.9;150;971;-16.6;86;0.0
"Bielsko-Biała";"ul. Kossak-Szczuckiej 19";"2009-01-07";"04:00";81;18;56;2.62;5;8;84;146;0.6;142;971;-17.2;86;0.0
"Bielsko-Biała";"ul. Kossak-Szczuckiej 19";"2009-01-07";"05:00";64;14;54;2.53;3;8;74;146;0.5;139;971;-16.1;87;0.0
"Bielsko-Biała";"ul. Kossak-Szczuckiej 19";"2009-01-07";"06:00";53;23;58;2.35;3;7;93;136;0.8;146;970;-15.1;86;0.0
"Bielsko-Biała";"ul. Kossak-Szczuckiej 19";"2009-01-07";"07:00";42;10;37;2.13;5;6;51;136;0.9;218;970;-11.7;78;0.0
"Bielsko-Biała";"ul. Kossak-Szczuckiej 19";"2009-01-07";"08:00";56;29;55;1.99;3;5;100;135;0.6;230;970;-12.2;83;0.0
"Bielsko-Biała";"ul. Kossak-Szczuckiej 19";"2009-01-07";"09:00";42;16;45;1.78;7;5;69;110;1.1;257;970;-11.5;84;0.0
"Bielsko-Biała";"ul. Kossak-Szczuckiej 19";"2009-01-07";"10:00";46;14;39;1.57;12;6;61;110;1.1;277;970;-11.2;84;0.0
"Bielsko-Biała";"ul. Kossak-Szczuckiej 19";"2009-01-07";"11:00";48;14;37;1.46;17;7;58;109;1.2;279;969;-10.3;85;0.0
"Bielsko-Biała";"ul. Kossak-Szczuckiej 19";"2009-01-07";"12:00";;;;1.34;24;9;;78;1.2;284;969;-9.5;83;0.0
"Bielsko-Biała";"ul. Kossak-Szczuckiej 19";"2009-01-07";"13:00";;;;1.18;31;13;;2;1.5;273;968;-9.0;77;0.0
"Bielsko-Biała";"ul. Kossak-Szczuckiej 19";"2009-01-07";"14:00";32;7;30;1.07;;14;41;3;1.6;267;967;-9.0;72;0.0
"Bielsko-Biała";"ul. Kossak-Szczuckiej 19";"2009-01-07";"15:00";37;6;26;1.01;44;20;36;6;1.6;253;967;-9.6;69;0.0
"Bielsko-Biała";"ul. Kossak-Szczuckiej 19";"2009-01-07";"16:00";38;6;29;0.88;44;26;37;49;1.6;246;967;-10.8;70;0.0
"Bielsko-Biała";"ul. Kossak-Szczuckiej 19";"2009-01-07";"17:00";48;7;37;0.86;35;30;47;49;1.4;236;967;-11.8;73;0.0
"Bielsko-Biała";"ul. Kossak-Szczuckiej 19";"2009-01-07";"18:00";42;5;31;0.83;38;33;39;49;1.6;222;968;-12.0;73;0.0
"Bielsko-Biała";"ul. Kossak-Szczuckiej 19";"2009-01-07";"19:00";41;3;27;0.80;39;36;32;55;1.6;254;968;-11.1;71;0.0
"Bielsko-Biała";"ul. Kossak-Szczuckiej 19";"2009-01-07";"20:00";40;3;26;0.80;38;38;31;55;1.9;251;969;-10.8;71;0.0
"Bielsko-Biała";"ul. Kossak-Szczuckiej 19";"2009-01-07";"21:00";39;2;23;0.79;40;40;26;55;2.4;242;969;-10.7;69;0.0
"Bielsko-Biała";"ul. Kossak-Szczuckiej 19";"2009-01-07";"22:00";39;2;24;0.79;36;39;27;51;2.3;244;970;-10.7;72;0.0
"Bielsko-Biała";"ul. Kossak-Szczuckiej 19";"2009-01-07";"23:00";31;2;21;0.78;37;38;23;51;2.0;251;971;-10.8;75;0.0
"Bielsko-Biała";"ul. Kossak-Szczuckiej 19";"2009-01-07";"24:00";36;2;22;0.79;33;37;24;51;2.2;247;971;-10.8;79;0.0
"Bielsko-Biała";"ul. Kossak-Szczuckiej 19";"2009-01-08";"01:00";31;1;20;0.74;35;37;22;48;1.9;262;972;-11.0;82;0.0
"Bielsko-Biała";"ul. Kossak-Szczuckiej 19";"2009-01-08";"02:00";33;1;21;0.72;31;36;24;48;2.0;256;973;-11.2;88;0.0
"Bielsko-Biała";"ul. Kossak-Szczuckiej 19";"2009-01-08";"03:00";36;1;24;0.69;26;35;26;48;1.7;260;974;-11.0;93;0.0
"Bielsko-Biała";"ul. Kossak-Szczuckiej 19";"2009-01-08";"04:00";35;2;27;0.67;22;33;29;47;1.4;268;975;-10.7;94;0.6
"Bielsko-Biała";"ul. Kossak-Szczuckiej 19";"2009-01-08";"05:00";31;2;28;0.64;22;30;30;47;0.8;295;976;-10.4;94;0.0
"Bielsko-Biała";"ul. Kossak-Szczuckiej 19";"2009-01-08";"06:00";22;2;22;0.60;35;30;24;47;0.8;331;977;-10.1;92;0.0
"Bielsko-Biała";"ul. Kossak-Szczuckiej 19";"2009-01-08";"07:00";19;2;22;0.57;38;30;25;37;0.7;335;978;-9.8;89;0.0
"Bielsko-Biała";"ul. Kossak-Szczuckiej 19";"2009-01-08";"08:00";21;5;31;0.54;31;30;39;37;0.5;311;979;-9.8;88;0.0
"Bielsko-Biała";"ul. Kossak-Szczuckiej 19";"2009-01-08";"09:00";23;5;28;0.52;34;30;35;37;0.7;336;980;-10.0;88;0.0
"Bielsko-Biała";"ul. Kossak-Szczuckiej 19";"2009-01-08";"10:00";31;9;32;0.51;32;30;45;30;0.4;320;981;-10.0;85;0.0
"Bielsko-Biała";"ul. Kossak-Szczuckiej 19";"2009-01-08";"11:00";29;8;25;0.49;39;32;37;30;0.9;279;982;-8.5;77;0.0
"Bielsko-Biała";"ul. Kossak-Szczuckiej 19";"2009-01-08";"12:00";;;;0.48;44;34;;30;1.2;262;982;-7.3;68;0.0
"Bielsko-Biała";"ul. Kossak-Szczuckiej 19";"2009-01-08";"13:00";34;10;26;0.46;;36;40;29;1.2;247;982;-7.4;64;0.0
"Bielsko-Biała";"ul. Kossak-Szczuckiej 19";"2009-01-08";"14:00";34;11;31;0.48;40;37;46;29;0.8;276;982;-7.9;65;0.0
"Bielsko-Biała";"ul. Kossak-Szczuckiej 19";"2009-01-08";"15:00";33;10;36;0.50;33;36;51;29;0.6;301;983;-8.7;70;0.0
"Bielsko-Biała";"ul. Kossak-Szczuckiej 19";"2009-01-08";"16:00";44;20;54;0.54;21;35;84;30;0.8;273;983;-10.5;77;0.0
"Bielsko-Biała";"ul. Kossak-Szczuckiej 19";"2009-01-08";"17:00";92;45;72;0.73;10;31;141;30;0.5;242;983;-13.0;86;0.0
"Bielsko-Biała";"ul. Kossak-Szczuckiej 19";"2009-01-08";"18:00";53;81;78;0.95;5;27;202;32;0.4;167;983;-14.3;90;0.0
"Bielsko-Biała";"ul. Kossak-Szczuckiej 19";"2009-01-08";"19:00";61;56;74;1.24;11;23;158;70;0.6;138;984;-15.5;91;0.0
"Bielsko-Biała";"ul. Kossak-Szczuckiej 19";"2009-01-08";"20:00";56;10;52;1.24;14;19;66;70;1.0;142;984;-14.9;84;0.0
"Bielsko-Biała";"ul. Kossak-Szczuckiej 19";"2009-01-08";"21:00";71;8;53;1.38;15;19;66;71;1.0;141;984;-15.0;81;0.0
"Bielsko-Biała";"ul. Kossak-Szczuckiej 19";"2009-01-08";"22:00";63;5;45;1.48;18;16;53;93;1.0;142;984;-15.5;81;0.0
"Bielsko-Biała";"ul. Kossak-Szczuckiej 19";"2009-01-08";"23:00";67;4;43;1.59;20;14;49;93;1.1;136;984;-15.6;80;0.0
"Bielsko-Biała";"ul. Kossak-Szczuckiej 19";"2009-01-08";"24:00";62;2;38;1.64;22;14;41;93;1.0;143;984;-16.0;79;0.0
"Bielsko-Biała";"ul. Kossak-Szczuckiej 19";"2009-01-09";"01:00";70;2;39;1.60;21;16;42;100;0.6;134;984;-16.4;76;0.0
"Bielsko-Biała";"ul. Kossak-Szczuckiej 19";"2009-01-09";"02:00";70;3;39;1.53;21;18;43;100;0.5;120;983;-16.4;76;0.0
"Bielsko-Biała";"ul. Kossak-Szczuckiej 19";"2009-01-09";"03:00";55;1;29;1.34;30;20;31;100;0.6;136;983;-15.2;68;0.0
"Bielsko-Biała";"ul. Kossak-Szczuckiej 19";"2009-01-09";"04:00";48;1;28;1.27;36;23;30;91;0.3;162;983;-13.8;63;0.0
"Bielsko-Biała";"ul. Kossak-Szczuckiej 19";"2009-01-09";"05:00";42;1;23;1.17;40;26;25;91;0.6;154;983;-13.8;61;0.0
"Bielsko-Biała";"ul. Kossak-Szczuckiej 19";"2009-01-09";"06:00";36;4;33;1.08;34;28;38;90;0.3;141;982;-13.4;61;0.0
"Bielsko-Biała";"ul. Kossak-Szczuckiej 19";"2009-01-09";"07:00";33;7;39;0.98;31;29;48;56;0.4;152;982;-12.4;56;0.0
"Bielsko-Biała";"ul. Kossak-Szczuckiej 19";"2009-01-09";"08:00";32;6;39;0.91;32;31;48;56;0.3;160;981;-12.0;55;0.0
"Bielsko-Biała";"ul. Kossak-Szczuckiej 19";"2009-01-09";"09:00";42;25;53;0.88;23;31;90;55;0.2;129;981;-11.4;56;0.0
"Bielsko-Biała";"ul. Kossak-Szczuckiej 19";"2009-01-09";"10:00";52;50;59;0.90;26;32;134;39;0.7;357;982;-9.7;53;0.0
"Bielsko-Biała";"ul. Kossak-Szczuckiej 19";"2009-01-09";"11:00";;;;0.90;16;30;;39;0.4;2;982;-7.2;52;0.0
"Bielsko-Biała";"ul. Kossak-Szczuckiej 19";"2009-01-09";"12:00";65;28;57;0.99;;29;99;41;1.1;360;982;-6.6;52;0.0
"Bielsko-Biała";"ul. Kossak-Szczuckiej 19";"2009-01-09";"13:00";54;17;45;1.04;35;28;70;75;0.9;9;981;-6.8;54;0.0
"Bielsko-Biała";"ul. Kossak-Szczuckiej 19";"2009-01-09";"14:00";45;11;38;1.06;43;29;54;75;1.0;7;981;-5.8;53;0.0
"Bielsko-Biała";"ul. Kossak-Szczuckiej 19";"2009-01-09";"15:00";54;14;54;1.14;33;30;74;75;0.6;52;981;-5.5;53;0.0
"Bielsko-Biała";"ul. Kossak-Szczuckiej 19";"2009-01-09";"16:00";79;39;86;1.30;10;27;146;69;0.4;41;981;-6.6;58;0.0
"Bielsko-Biała";"ul. Kossak-Szczuckiej 19";"2009-01-09";"17:00";84;79;97;1.48;6;24;218;69;0.3;146;981;-8.0;65;0.0
"Bielsko-Biała";"ul. Kossak-Szczuckiej 19";"2009-01-09";"18:00";61;45;71;1.47;20;23;139;71;0.3;232;980;-8.7;58;0.0
"Bielsko-Biała";"ul. Kossak-Szczuckiej 19";"2009-01-09";"19:00";54;12;64;1.43;15;23;83;100;0.8;331;980;-9.6;62;0.0
"Bielsko-Biała";"ul. Kossak-Szczuckiej 19";"2009-01-09";"20:00";60;36;73;1.46;13;22;128;100;0.2;243;981;-11.0;67;0.0
"Bielsko-Biała";"ul. Kossak-Szczuckiej 19";"2009-01-09";"21:00";89;113;90;1.74;12;19;262;101;0.2;67;982;-12.5;77;0.0
"Bielsko-Biała";"ul. Kossak-Szczuckiej 19";"2009-01-09";"22:00";83;128;88;2.06;10;15;283;117;0.5;159;982;-13.9;83;0.0
"Bielsko-Biała";"ul. Kossak-Szczuckiej 19";"2009-01-09";"23:00";54;8;54;2.07;15;13;67;117;0.6;152;982;-12.2;62;0.0
"Bielsko-Biała";"ul. Kossak-Szczuckiej 19";"2009-01-09";"24:00";44;2;35;1.95;35;16;37;117;0.7;148;982;-10.5;54;0.0
"Bielsko-Biała";"ul. Kossak-Szczuckiej 19";"2009-01-10";"01:00";54;2;35;1.80;36;20;39;112;0.5;119;982;-9.7;54;0.0
"Bielsko-Biała";"ul. Kossak-Szczuckiej 19";"2009-01-10";"02:00";47;1;23;1.71;45;23;25;112;0.4;121;982;-9.5;54;0.0
"Bielsko-Biała";"ul. Kossak-Szczuckiej 19";"2009-01-10";"03:00";50;1;24;1.68;44;26;25;111;0.5;132;982;-9.5;56;0.0
"Bielsko-Biała";"ul. Kossak-Szczuckiej 19";"2009-01-10";"04:00";39;1;30;1.56;40;30;32;84;0.6;139;982;-9.2;55;0.0
"Bielsko-Biała";"ul. Kossak-Szczuckiej 19";"2009-01-10";"05:00";36;2;29;1.22;42;33;32;84;0.7;144;982;-8.9;54;0.0
"Bielsko-Biała";"ul. Kossak-Szczuckiej 19";"2009-01-10";"06:00";36;3;31;0.87;38;37;35;83;0.5;148;982;-9.0;57;0.0
"Bielsko-Biała";"ul. Kossak-Szczuckiej 19";"2009-01-10";"07:00";33;2;21;0.79;48;41;24;55;0.7;148;982;-8.9;56;0.0
"Bielsko-Biała";"ul. Kossak-Szczuckiej 19";"2009-01-10";"08:00";31;2;24;0.76;46;42;27;55;0.7;142;982;-8.8;63;0.0
"Bielsko-Biała";"ul. Kossak-Szczuckiej 19";"2009-01-10";"09:00";34;4;27;0.70;45;44;33;54;0.6;135;983;-8.5;66;0.0
"Bielsko-Biała";"ul. Kossak-Szczuckiej 19";"2009-01-10";"10:00";;;;0.67;36;42;;34;0.3;116;983;-7.8;70;0.0
"Bielsko-Biała";"ul. Kossak-Szczuckiej 19";"2009-01-10";"11:00";51;8;34;0.70;;42;46;34;0.4;130;984;-6.6;73;0.0
"Bielsko-Biała";"ul. Kossak-Szczuckiej 19";"2009-01-10";"12:00";57;10;38;0.79;39;42;53;35;0.3;129;983;-5.8;73;0.0
"Bielsko-Biała";"ul. Kossak-Szczuckiej 19";"2009-01-10";"13:00";56;19;56;0.92;32;41;84;58;0.0;250;983;-3.6;69;0.0
"Bielsko-Biała";"ul. Kossak-Szczuckiej 19";"2009-01-10";"14:00";65;18;66;1.08;31;40;93;58;0.4;311;983;-3.6;68;0.0
"Bielsko-Biała";"ul. Kossak-Szczuckiej 19";"2009-01-10";"15:00";60;7;56;1.23;34;38;66;60;0.3;318;983;-4.4;71;0.0
"Bielsko-Biała";"ul. Kossak-Szczuckiej 19";"2009-01-10";"16:00";60;8;66;1.38;22;34;77;93;0.0;308;983;-5.1;81;0.0
"Bielsko-Biała";"ul. Kossak-Szczuckiej 19";"2009-01-10";"17:00";76;11;83;1.59;7;29;99;93;0.3;22;984;-5.5;87;0.0
"Bielsko-Biała";"ul. Kossak-Szczuckiej 19";"2009-01-10";"18:00";102;40;88;1.70;4;24;149;94;0.3;30;984;-5.7;90;0.0
"Bielsko-Biała";"ul. Kossak-Szczuckiej 19";"2009-01-10";"19:00";99;57;85;1.90;6;22;173;119;0.3;127;984;-5.6;94;0.0
"Bielsko-Biała";"ul. Kossak-Szczuckiej 19";"2009-01-10";"20:00";96;43;76;2.03;4;18;141;119;0.4;140;984;-5.4;93;0.0
"Bielsko-Biała";"ul. Kossak-Szczuckiej 19";"2009-01-10";"21:00";109;33;75;2.19;7;14;125;120;0.3;129;984;-5.5;92;0.0
"Bielsko-Biała";"ul. Kossak-Szczuckiej 19";"2009-01-10";"22:00";48;5;43;2.12;18;13;52;144;0.5;149;984;-5.2;88;0.0
"Bielsko-Biała";"ul. Kossak-Szczuckiej 19";"2009-01-10";"23:00";57;2;30;2.03;32;13;33;144;0.5;78;984;-5.5;87;0.0
"Bielsko-Biała";"ul. Kossak-Szczuckiej 19";"2009-01-10";"24:00";40;2;27;1.92;35;14;30;143;0.2;66;985;-5.5;87;0.0
"Bielsko-Biała";"ul. Kossak-Szczuckiej 19";"2009-01-11";"01:00";;1;21;1.74;40;18;23;102;0.4;233;985;-6.1;89;0.0
"Bielsko-Biała";"ul. Kossak-Szczuckiej 19";"2009-01-11";"02:00";28;1;23;1.53;38;23;24;102;0.4;170;985;-6.6;90;0.0
"Bielsko-Biała";"ul. Kossak-Szczuckiej 19";"2009-01-11";"03:00";25;1;21;1.31;37;26;22;101;0.3;132;985;-8.4;93;0.0
"Bielsko-Biała";"ul. Kossak-Szczuckiej 19";"2009-01-11";"04:00";34;2;29;1.19;24;29;31;77;0.4;111;985;-10.4;97;0.0
"Bielsko-Biała";"ul. Kossak-Szczuckiej 19";"2009-01-11";"05:00";32;2;25;0.98;26;31;27;77;0.6;125;985;-11.0;98;0.0
"Bielsko-Biała";"ul. Kossak-Szczuckiej 19";"2009-01-11";"06:00";26;1;18;0.94;35;33;20;76;0.8;136;985;-11.1;99;0.0
"Bielsko-Biała";"ul. Kossak-Szczuckiej 19";"2009-01-11";"07:00";25;3;17;0.92;36;34;22;62;0.9;136;985;-11.2;99;0.0
"Bielsko-Biała";"ul. Kossak-Szczuckiej 19";"2009-01-11";"08:00";26;2;20;0.92;34;34;22;62;0.7;130;985;-11.6;97;0.0
"Bielsko-Biała";"ul. Kossak-Szczuckiej 19";"2009-01-11";"09:00";;;;0.94;31;33;;62;0.8;87;985;-11.5;95;0.0
"Bielsko-Biała";"ul. Kossak-Szczuckiej 19";"2009-01-11";"10:00";44;10;30;1.00;;32;44;52;0.3;120;986;-10.5;91;0.0
"Bielsko-Biała";"ul. Kossak-Szczuckiej 19";"2009-01-11";"11:00";54;15;36;1.06;29;31;59;52;0.3;327;986;-7.6;80;0.0
"Bielsko-Biała";"ul. Kossak-Szczuckiej 19";"2009-01-11";"12:00";52;13;38;1.05;29;31;57;53;0.4;1;986;-7.7;83;0.0
"Bielsko-Biała";"ul. Kossak-Szczuckiej 19";"2009-01-11";"13:00";62;16;41;1.09;28;32;64;68;0.1;27;986;-6.7;80;0.0
"Bielsko-Biała";"ul. Kossak-Szczuckiej 19";"2009-01-11";"14:00";65;13;46;1.19;40;32;65;68;0.5;319;985;-5.6;68;0.0
"Bielsko-Biała";"ul. Kossak-Szczuckiej 19";"2009-01-11";"15:00";60;7;48;1.27;45;34;58;70;0.7;342;985;-6.6;65;0.0
"Bielsko-Biała";"ul. Kossak-Szczuckiej 19";"2009-01-11";"16:00";69;9;68;1.39;30;33;82;107;0.4;318;985;-8.4;70;0.0
"Bielsko-Biała";"ul. Kossak-Szczuckiej 19";"2009-01-11";"17:00";108;57;99;1.57;13;31;186;107;0.4;249;985;-10.6;77;0.0
"Bielsko-Biała";"ul. Kossak-Szczuckiej 19";"2009-01-11";"18:00";125;128;111;2.03;15;29;306;111;0.2;252;985;-11.8;83;0.0
"Bielsko-Biała";"ul. Kossak-Szczuckiej 19";"2009-01-11";"19:00";110;83;100;2.26;6;26;226;175;0.5;295;985;-12.5;82;0.0
"Bielsko-Biała";"ul. Kossak-Szczuckiej 19";"2009-01-11";"20:00";68;25;76;2.36;14;24;113;175;0.3;10;985;-13.3;80;0.0
"Bielsko-Biała";"ul. Kossak-Szczuckiej 19";"2009-01-11";"21:00";118;78;96;2.63;11;22;215;176;0.6;276;985;-13.9;85;0.0
"Bielsko-Biała";"ul. Kossak-Szczuckiej 19";"2009-01-11";"22:00";99;54;83;2.73;10;18;165;198;0.2;296;985;-13.5;78;0.0
"Bielsko-Biała";"ul. Kossak-Szczuckiej 19";"2009-01-11";"23:00";91;21;74;2.88;8;13;105;198;0.5;286;985;-14.6;83;0.0
"Bielsko-Biała";"ul. Kossak-Szczuckiej 19";"2009-01-11";"24:00";65;5;54;2.89;15;12;61;198;0.8;353;985;-14.8;80;0.0
